ID,Type,Collection Period,Fate,Date,Season,Latitude,Longitude,Unspec,Spec,Half,Two,TwoVeg,Live,Dead,DeadVeg,DeadVegManual,Sand,SR,BP,IP,BS,VE,SG,DG,SH,SB,PW,KE,VV,WO,SL,MI,Viewshed,Pioneer_Builders,Secondary_Stabilizers,Secondary_Builders,Pioneer_Stabilizers,Tertiary_Stabilizers,NonVeg
6,Nest,"w/in est/hatch, but fail determined 4/8",Fail,2024-04-25T00:00:00Z,Nesting,36.73584,-121.80467,None,Ice Plant,0.07,0.01,0.004,0,0.01,1.5999999999999992e-05,0.004,0.99,0,0,0.004,0,0,0,0,0,0,0,0,5.000000000000004e-4,0.004,0.001,5.000000000000004e-4,300,0,0.004,0,0,0,0.006
3,Nest,after hatch,Hatch,2024-04-25T00:00:00Z,Nesting,36.73632,-121.80431,None,Ice Plant,0.05,0.05,0.020000000000000018,0.002,0.045000000000000005,2.9999999999999987e-4,0.018000000000000016,0.95,0.0025,0,0.017500000000000016,0,0,0,0,0,0,0,0.005,0.0025,0.020000000000000018,0,0.0025,360,0.0025,0.017500000000000016,0,0,0,0.030000000000000027
12,Nest,w/in est/hatch,Hatch,2024-04-25T00:00:00Z,Nesting,36.73862,-121.80415,None,Beach Pea,0.45,0.25,0.25,0.225,0.025,0.003125,0.025,0.75,0.1,0.075,0,0.075,0,0.025,0,0,0,0,0,0.0125,0,0,0,360,0.1,0.1,0,0.075,0,0.0125
20,Nest,date found,Hatch,2024-04-25T00:00:00Z,Nesting,36.74001,-121.803616,None,Beach Bur Sage,0.1,0.15,0.15,0.15,0,0,0,0.85,0.015000000000000003,0,0,0.09,0.022500000000000003,0.022500000000000003,0,0,0,0,0,0,0,0,0,360,0.015000000000000003,0.045000000000000005,0,0.09,0,0
9,Nest,"w/in est/hatch, but fail determined 4/8",Fail,2024-04-25T00:00:00Z,Nesting,36.7394,-121.80366,None,Kelp,0.05,0.05,0.020000000000000018,0.004,0.04,1.999999999999998e-4,0.016000000000000014,0.95,0.0075,0,0.012500000000000011,0,0,0,0,0,0,0,0.020000000000000018,0,0.010000000000000009,0,0,360,0.0075,0.012500000000000011,0,0,0,0.030000000000000027
8,Nest,"w/in est/hatch, but fail determined 4/8",Fail,2024-04-25T00:00:00Z,Nesting,36.73906,-121.80362,None,Woody,0.1,0.05,0,0,0.05,0,0,0.95,0,0,0,0,0,0,0,0,0,0,0,0,0.0475,0,0.0025,360,0,0,0,0,0,0.050000000000000044
1,Nest,after hatch,Hatch,2024-04-25T00:00:00Z,Nesting,36.74317,-121.80336,None,Ice Plant,0.05,0.01,0.009,4.500000000000001e-4,0.0095,7.650000000000002e-5,0.00855,0.99,5e-4,0,0.0085,0,0,0,0,0,0,0,5e-4,0,5e-4,0,0,360,5e-4,0.0085,0,0,0,0.001
19,Nest,w/in est/hatch,Hatch,2024-04-25T00:00:00Z,Nesting,36.74412,-121.80419,None,Woody,0.1,0.05,0.005,0.005,0.045000000000000005,0,0,0.95,0.005,0,0,0,0,0,0,0,0,0,0,0,0.0425,0,0.0025,360,0.005,0,0,0,0,0.045000000000000005
10,Nest,w/in est/hatch,Hatch,2024-04-25T00:00:00Z,Nesting,36.74743,-121.8044,None,Woody,0.1,0.05,0.0025,0.0025,0.0475,0,0,0.95,0,0,0,0.0025,0,0,0,0,0,0,0,0,0.0475,0,0,360,0,0,0,0.0025,0,0.0475
21,Nest,date found,Hatch,2024-04-25T00:00:00Z,Nesting,36.747718,-121.804075,None,Woody,0.1,0.05,0.019999999999999997,0.019999999999999997,0.03,0,0,0.95,0,0,0,0,0.0025,0,0,0,0.017499999999999998,0,0,0,0.03,0,0,350,0.017499999999999998,0.0025,0,0,0,0.03
14,Nest,w/in est/hatch,Fail,2024-04-25T00:00:00Z,Nesting,36.74842,-121.80389,None,Shell,0.01,0.01,0,0,0.01,0,0,0.99,0,0,0,0,0,0,0,0,0,0,0,0,0.009,0.001,0,360,0,0,0,0,0,0.010000000000000002
38,Nest,w/in est/hatch,Fail,2024-06-07T00:00:00Z,Nesting,36.74778,-121.80357,None,Sea Rocket,0.1,0.05,0.03,0.027,0.020000000000000004,2.0816681711721684e-19,0.003,0.95,0.03,0,0,0,0,0,0,0,0,0,0,0,0.017499999999999998,0,0.0025,350,0.03,0,0,0,0,0.019999999999999997
40,Nest,w/in est/hatch,Fail,2024-06-07T00:00:00Z,Nesting,36.74774,-121.80337,None,Woody,0.3,0.3,0.2,0.2,0.09,0,0,0.7,0.09,0,0,0.12,0,0,0,0,0,0,0,0,0.09,0,0,300,0.09,0,0,0.12,0,0.09
36,Nest,w/in est/hatch,Hatch,2024-06-07T00:00:00Z,Nesting,36.74445,-121.80415,None,Woody,0.05,0.05,0.020000000000000004,0.017,0.04915,3.8299999999999993e-4,0.003,0.95,0.020000000000000004,0,0,0,0,0,0,0,0,0,0,0,0.027500000000000004,0,0.0025,360,0.020000000000000004,0,0,0,0,0.030000000000000006
25,Nest,after hatch,Hatch,2024-06-07T00:00:00Z,Nesting,36.74403,-121.80338,None,Woody,0.05,0.01,5e-4,2.5e-4,0.0099975,2.487500000000007e-7,2.5e-4,0.99,2.5e-4,0,2.5e-4,0,0,0,0,0,0,0,0,0,0.0095,0,0,360,2.5e-4,2.5e-4,0,0,0,0.0095
31,Nest,w/in est/hatch,Hatch,2024-06-07T00:00:00Z,Nesting,36.74322,-121.80336,None,Woody,0.1,0.05,0.025000000000000005,0.012500000000000002,0.049375,6.093750000000001e-4,0.012500000000000002,0.95,0.020000000000000004,0,0.005,0,0,0,0,0,0,0,0,0,0.025,0,0,360,0.020000000000000004,0.005,0,0,0,0.025
37,Nest,w/in est/hatch,Hatch,2024-06-07T00:00:00Z,Nesting,36.74214,-121.80363,None,Woody,0.35,0.3,0.255,0.24225,0.227325,0.046492875,0.012750000000000001,0.7,0,0,0.015,0,0,0.24,0,0,0,0,0,0,0.03,0.015,0,360,0,0.255,0,0,0,0.045
27,Nest,after hatch,Hatch,2024-06-07T00:00:00Z,Nesting,36.74112,-121.80338,None,Ice Plant,0.05,0.01,0.01,0,0.01,1e-4,0.01,0.99,0,0,0.01,0,0,0,0,0,0,0,0,0,0,0,0,360,0,0.01,0,0,0,0
29,Nest,w/in est/hatch,Hatch,2024-06-07T00:00:00Z,Nesting,36.73836,-121.80413,None,None,0.1,0.1,0.07,0.049,0.0951,0.004557,0.021,0.9,0.06,0,0.010000000000000002,0,0,0,0,0,0,0,0,0,0.03,0,0,300,0.06,0.010000000000000002,0,0,0,0.03
41,Nest,w/in est/hatch,Hatch,2024-06-14T00:00:00Z,Nesting,36.7359,-121.80469,None,Ice Plant,0.05,0.05,0.025,0,0.05,6.250000000000001e-4,0.025,0.95,0,0,0.025,0,0,0,0,0,0,0,0,0,0,0.0125,0.0125,300,0,0.025,0,0,0,0.025
51,Nest,w/in est/hatch,Fail,2024-06-14T00:00:00Z,Nesting,36.735847,-121.804217,None,Woody,0.1,0.05,0.025,0,0.05,6.250000000000001e-4,0.025,0.95,0,0,0.025,0,0,0,0,0,0,0,0,0,0.025,0,0,360,0,0.025,0,0,0,0.025
43,Nest,w/in est/hatch,Fail,2024-06-14T00:00:00Z,Nesting,36.73657,-121.80362,None,Verbena,0.1,0.1,0.07,0.07,0.093,0.00511,0,0.9,0.020000000000000004,0,0,0,0.06,0,0,0,0,0,0,0,0.020000000000000004,0,0,330,0.020000000000000004,0.06,0,0,0,0.020000000000000004
53,Nest,date found,Hatch,2024-06-14T00:00:00Z,Nesting,36.736355,-121.804043,None,None,0.05,0.01,0.0085,0.0085,0.009915,7.152750000000002e-5,0,0.99,0.0085,0,0,0,0,0,0,0,0,0,0,0,0.0015,0,0,360,0.0085,0,0,0,0,0.0015
44,Nest,w/in est/hatch,Fail,2024-06-14T00:00:00Z,Nesting,36.73729,-121.80318,None,Woody,0.05,0.01,0.007,0,0.01,4.9000000000000005e-5,0.007,0.99,0.001,0,0.006,0,0,0,0,0,0,0,0,0,0.003,0,0,360,0.001,0.006,0,0,0,0.003
34,Nest,w/in est/hatch,Unknown,2024-06-14T00:00:00Z,Nesting,36.73767,-121.80446,None,Woody,0.05,0.01,0.006,0.0048,0.009952,3.5712000000000006e-5,0.0012,0.99,0.004,0,0.002,0,0,0,0,0,0,0,0,0,0.004,0,0,320,0.004,0.002,0,0,0,0.004
30,Nest,after lost/est hatch,Hatch,2024-06-14T00:00:00Z,Nesting,36.739069,-121.803121,None,Woody,0.2,0.05,0.04,0.04,0.048,0.00152,0,0.95,0,0,0,0,0,0.04,0,0,0,0,0,0,0.010000000000000002,0,0,360,0,0.04,0,0,0,0.010000000000000002
46,Nest,w/in est/hatch,Hatch,2024-06-14T00:00:00Z,Nesting,36.73925,-121.80334,None,Sea Rocket,0.15,0.1,0.095,0.09025,0.090975,0.008167625,0.00475,0.9,0.04,0,0.005,0.025,0.025,0,0,0,0,0,0,0,0.005,0,0,360,0.04,0.030000000000000002,0,0.025,0,0.005
48,Nest,w/in est/hatch,Hatch,2024-06-14T00:00:00Z,Nesting,36.73925,-121.80423,On Dune,Woody,0.3,0.15,0.1,0.1,0.135,0.010500000000000002,0,0.85,0.0525,0,0,0.075,0,0,0,0,0,0,0,0,0.03,0,0,270,0.0525,0,0,0.075,0,0.03
28,Nest,after hatch,Hatch,2024-06-14T00:00:00Z,Nesting,36.73979,-121.80403,On Dune,Beach Bur Sage,0.3,0.25,0.25,0.25,0.1875,0.046875,0,0.75,0.025,0,0,0.225,0,0,0,0,0,0,0,0,0,0,0,360,0.025,0,0,0.225,0,0
49,Nest,w/in est/hatch,Fail,2024-06-14T00:00:00Z,Nesting,36.74095,-121.80361,None,Woody,0.1,0.01,0.0045,0,0.01,2.025e-5,0.0045,0.99,0,0,0.0045,0,0,0,0,0,0,0,0,0,0.0045,0,0.001,360,0,0.0045,0,0,0,0.0055
50,Nest,w/in est/hatch,Hatch,2024-06-14T00:00:00Z,Nesting,36.74178,-121.80435,None,Woody,0.05,0.01,0.002,0,0.01,4e-6,0.002,0.99,0,0,0.002,0,0,0,0,0,0,0,0,0,0,0.006,0.002,330,0,0.002,0,0,0,0.008
52,Nest,w/in est/hatch,Hatch,2024-06-14T00:00:00Z,Nesting,36.7384,-121.80374,None,Sea Rocket,0.1,0.25,0.2,0.2,0.2,0.035,0,0.75,0.1,0.0625,0,0,0,0.075,0,0,0,0,0,0,0.025,0,0,300,0.1,0.1375,0,0,0,0.025
45,Nest,w/in est/hatch,Hatch,2024-06-14T00:00:00Z,Nesting,36.73809,-121.8045,None,None,0.01,0.01,0,0,0.01,0,0,0.99,0,0,0,0,0,0,0,0,0,0,0,0,0,0,0.01,345,0,0,0,0,0,0.01
62,Nest,w/in est/hatch,Hatch,2024-07-10T00:00:00Z,Nesting,36.73811,-121.80464,None,Ice Plant,0.1,0.05,0.025,0.025,0.04875,5.937500000000001e-4,0,0.95,0,0,0.025,0,0,0,0,0,0,0,0,0,0,0.025,0,345,0,0.025,0,0,0,0.025
64,Nest,w/in est/hatch,Hatch,2024-07-10T00:00:00Z,Nesting,36.73952,-121.80414,None,Sea Rocket,0.15,0.05,0.030000000000000006,0.021,0.04895,8.685e-4,0.009,0.95,0.020000000000000004,0,0.010000000000000002,0,0,0,0,0,0,0,0,0,0.020000000000000004,0,0,360,0.020000000000000004,0.010000000000000002,0,0,0,0.020000000000000004
58,Nest,w/in est/hatch,Hatch,2024-07-10T00:00:00Z,Nesting,36.74081,-121.80441,None,Shell,0.1,0.05,0,0,0.05,0,0,0.95,0,0,0,0,0,0,0,0,0,0,0,0,0,0.05,0,240,0,0,0,0,0,0.05
59,Nest,w/in est/hatch,Hatch,2024-07-10T00:00:00Z,Nesting,36.74217,-121.80388,None,Woody,0.1,0.05,0,0,0.05,0,0,0.95,0,0,0,0,0,0,0,0,0,0,0,0,0.03,0.020000000000000004,0,345,0,0,0,0,0,0.05
57,Nest,w/in est/hatch,Hatch,2024-07-10T00:00:00Z,Nesting,36.74243,-121.80287,None,Woody,0.1,0.05,0.034999999999999996,0.0315,0.048425,0.001169875,0.0035,0.95,0.034999999999999996,0,0,0,0,0,0,0,0,0,0,0,0.015,0,0,360,0.034999999999999996,0,0,0,0,0.015
65,Nest,w/in est/hatch,Hatch,2024-07-10T00:00:00Z,Nesting,36.74492,-121.80485,None,Woody,0.1,0.05,0.0075,0,0.05,5.6250000000000046e-5,0.0075,0.95,0,0,0.0075,0,0,0,0,0,0,0,0,0,0.03,0.0075,0.005,360,0,0.0075,0,0,0,0.042499999999999996
63,Nest,"w/in est/hatch, but later determined found lost on 7/10",Fail,2024-07-10T00:00:00Z,Nesting,36.744688,-121.80453,None,Sea Rocket,0.15,0.1,0.10000000000000002,0.020000000000000004,0.098,0.0098,0.08,0.9,0.020000000000000004,0,0.08,0,0,0,0,0,0,0,0,0,0,0,0,300,0.020000000000000004,0.08,0,0,0,0
56,Nest,"w/in est/hatch, but later determined found lost on 7/1",Fail,2024-07-10T00:00:00Z,Nesting,36.745018,-121.803261,None,Beach Pea,0.2,0.15,0.15,0.15,0.1275,0.019125,0,0.85,0,0.15,0,0,0,0,0,0,0,0,0,0,0,0,0,360,0,0.15,0,0,0,0
61,Nest,w/in est/hatch,Hatch,2024-07-24T00:00:00Z,Nesting,36.73615,-121.8045,None,Woody,0.05,0.05,0.045,0.036,0.0482,0.001944,0.009,0.95,0.03,0.010000000000000002,0,0,0.005,0,0,0,0,0,0,0,0.005,0,0,315,0.03,0.015000000000000003,0,0,0,0.005
54,Nest,"w/in est/hatch, but later determined found lost on 7/3",Fail,2024-07-24T00:00:00Z,Nesting,36.736475,-121.804451,None,None,0.1,0.05,0.027500000000000004,0.024750000000000005,0.0487625,7.2221875e-4,0.00275,0.95,0.022500000000000003,0,0.005,0,0,0,0,0,0,0,0,0,0.022500000000000003,0,0,285,0.022500000000000003,0.005,0,0,0,0.022500000000000003
60,Nest,after hatch,Hatch,2024-07-30T00:00:00Z,Nesting,36.7354,-121.80496,None,Sea Rocket,0.1,0.05,0.033333333337000004,0.016666666668500002,0.049166667,0.001083333,0.016666666668500002,0.95,0.016666666670000004,0,0.016666666667000004,0,0,0,0,0,0,0,0,0,0.016666667,0,0,360,0.016666666670000004,0.016666666667000004,0,0,0,0.016666667
6,Nest,NA,Fail,2024-10-07T00:00:00Z,Fall,36.73584,-121.80467,None,Ice Plant,0.05,0.01,0.006,0,0.01,3.6e-5,0.006,0.99,0,0,0.006,0,0,0,0,0,0,0,0,0,0.004,0,0,300,0,0.006,0,0,0,0.004
3,Nest,NA,Hatch,2024-10-07T00:00:00Z,Fall,36.73632,-121.80431,None,Ice Plant,0.05,0.1,0.05,0.020000000000000004,0.098,0.0024,0.030000000000000006,0.9,0.04,0,0.010000000000000002,0,0,0,0,0,0,0,0.025,0,0.025,0,0,360,0.04,0.010000000000000002,0,0,0,0.05
12,Nest,NA,Hatch,2024-10-09T00:00:00Z,Fall,36.73862,-121.80415,On Dune,Sea Rocket (Dead),0.2,0.25,0.25,0.1625,0.209375,0.05234375,0.125,0.75,0.05,0.025,0,0.175,0,0.025,0,0,0,0,0,0,0,0,0,360,0.05,0.05,0,0.175,0,0
20,Nest,NA,Hatch,2024-10-10T00:00:00Z,Fall,36.74001,-121.803616,None,Beach-bur Sage,0.4,0.25,0.25,0.175,0.20625,0.0515625,0.075,0.75,0.025,0,0,0.175,0.0125,0.0375,0,0,0,0,0,0,0,0,0,345,0.025,0.05,0,0.175,0,0
9,Nest,NA,Fail,2024-10-09T00:00:00Z,Fall,36.7394,-121.80366,None,None,0.1,0.05,0.02,0.002,0.0499,3.98e-4,0.018000000000000002,0.95,0.005,0,0.015,0,0,0,0,0,0,0,0.015,0,0.015,0,0,315,0.005,0.015,0,0,0,0.03
8,Nest,NA,Fail,2024-10-09T00:00:00Z,Fall,36.73906,-121.80362,None,Woody,0.1,0.05,0.005,0,0.05,2.499999999999999e-5,0.005,0.95,0,0,0.005,0,0,0,0,0,0,0,0,0,0.045000000000000005,0,0,360,0,0.005,0,0,0,0.045000000000000005
1,Nest,NA,Hatch,2024-10-10T00:00:00Z,Fall,36.74317,-121.80336,None,Ice Plant (Dead),0.1,0.05,0.045,0.027,0.04865,0.00196425,0.018,0.95,0.03,0,0.015,0,0,0,0,0,0,0,0,0,0.005,0,0,360,0.03,0.015,0,0,0,0.005
19,Nest,NA,Hatch,2024-10-10T00:00:00Z,Fall,36.74412,-121.80419,None,Woody,0.15,0.15,0.12,0.084,0.1374,0.012887999999999998,0.036,0.85,0.06,0,0,0.06,0,0,0,0,0,0,0,0,0.03,0,0,315,0.06,0,0,0.06,0,0.03
10,Nest,NA,Hatch,2024-10-10T00:00:00Z,Fall,36.74743,-121.8044,Spit,Beach-bur Sage,0.35,0.25,0.2,0.17,0.2075,0.013999999999999997,0.03,0.75,0.025,0,0,0.0875,0,0,0,0,0,0,0,0,0.0875,0,0.05,360,0.025,0,0,0.0875,0,0.1375
21,Nest,NA,Hatch,2024-10-10T00:00:00Z,Fall,36.747718,-121.804075,In River,Water,0,0,0,0,0,0,0,1,0,0,0,0,0,0,0,0,0,0,0,0,0,0,0,0,0,0,0,0,0,0
14,Nest,NA,Fail,2024-10-10T00:00:00Z,Fall,36.74842,-121.80389,In River,Water,0,0,0,0,0,0,0,1,0,0,0,0,0,0,0,0,0,0,0,0,0,0,0,0,0,0,0,0,0,0
38,Nest,NA,Fail,2024-10-10T00:00:00Z,Fall,36.74778,-121.80357,In River,Water,0,0,0,0,0,0,0,1,0,0,0,0,0,0,0,0,0,0,0,0,0,0,0,0,0,0,0,0,0,0
40,Nest,NA,Fail,2024-10-10T00:00:00Z,Fall,36.74774,-121.80337,Spit,Beach-bur Sage,0.25,0.15,0.13,0.065,0.14025,0.015307500000000003,0.065,0.85,0,0,0,0.1275,0,0,0,0,0,0,0,0,0.015,0.0075,0,285,0,0,0,0.1275,0,0.0225
36,Nest,NA,Hatch,2024-10-10T00:00:00Z,Fall,36.74445,-121.80415,Spit,Ice Plant,0.2,0.2,0.14,0.084,0.18320000000000003,0.017248000000000006,0.056,0.8,0.08,0,0.06,0,0,0,0,0,0,0,0,0,0.06,0,0,360,0.08,0.06,0,0,0,0.06
25,Nest,NA,Hatch,2024-10-10T00:00:00Z,Fall,36.74403,-121.80338,None,Ice Plant,0.2,0.05,0.037500000000000006,0.030000000000000006,0.0485,0.00135,0.0075,0.95,0.020000000000000004,0,0.0125,0,0.005,0,0,0,0,0,0,0,0.0125,0,0,345,0.020000000000000004,0.0175,0,0,0,0.0125
31,Nest,NA,Hatch,2024-10-10T00:00:00Z,Fall,36.74322,-121.80336,None,Ice Plant,0.1,0.1,0.08,0.032,0.0968,0.006144,0.048,0.9,0.04,0,0.04,0,0,0,0,0,0,0,0,0,0.020000000000000004,0,0,360,0.04,0.04,0,0,0,0.020000000000000004
37,Nest,NA,Hatch,2024-10-10T00:00:00Z,Fall,36.74214,-121.80363,None,Woody,0.4,0.4,0.34,0.30600000000000005,0.2776,0.073984,0.034,0.6,0,0,0,0,0,0.34,0,0,0,0,0,0,0.04,0.020000000000000004,0,360,0,0.34,0,0,0,0.06
27,Nest,NA,Hatch,2024-10-10T00:00:00Z,Fall,36.74112,-121.80338,None,Ice Plant,0.1,0.05,0.030000000000000006,0.006,0.0497,8.910000000000001e-4,0.024000000000000007,0.95,0.005,0,0.020000000000000004,0,0,0,0,0,0.005,0,0,0,0.020000000000000004,0,0,360,0.010000000000000002,0.020000000000000004,0,0,0,0.020000000000000004
29,Nest,NA,Hatch,2024-10-09T00:00:00Z,Fall,36.73836,-121.80413,None,Sea Rocket (Dead),0.1,0.1,0.05,0.03,0.097,0.00235,0.020000000000000004,0.9,0.03,0,0.020000000000000004,0,0,0,0,0,0,0,0,0,0.05,0,0,300,0.03,0.020000000000000004,0,0,0,0.05
41,Nest,NA,Hatch,2024-10-07T00:00:00Z,Fall,36.7359,-121.80469,None,Ice Plant,0.05,0.01,0.0085,0,0.01,7.225000000000001e-5,0.0085,0.99,0,0,0.0085,0,0,0,0,0,0,0,0,0,0.0015,0,0,300,0,0.0085,0,0,0,0.0015
51,Nest,NA,Fail,2024-10-07T00:00:00Z,Fall,36.735847,-121.804217,None,None,0.05,0.01,0.001,0,0.01,9.999999999999991e-7,0.001,0.99,0,0,0.001,0,0,0,0,0,0,0,0,0,0.009,0,0,360,0,0.001,0,0,0,0.009
43,Nest,NA,Fail,2024-10-07T00:00:00Z,Fall,36.73657,-121.80362,None,Verbena,0.05,0.1,0.025,0.0125,0.09875,5.937499999999999e-4,0.0125,0.9,0,0,0,0,0.025,0,0,0,0,0,0,0,0.075,0,0,300,0,0.025,0,0,0,0.075
53,Nest,NA,Hatch,2024-10-07T00:00:00Z,Fall,36.736355,-121.804043,None,Sea Rocket,0.05,0.05,0.03,0.027,0.04865,8.594999999999998e-4,0.003,0.95,0.03,0,0,0,0,0,0,0,0,0,0,0,0.020000000000000004,0,0,360,0.03,0,0,0,0,0.020000000000000004
44,Nest,NA,Fail,2024-10-07T00:00:00Z,Fall,36.73729,-121.80318,None,Woody,0.05,0.01,0.004,0,0.01,1.6e-5,0.004,0.99,0,0,0.004,0,0,0,0,0,0,0,0,0,0.006,0,0,360,0,0.004,0,0,0,0.006
34,Nest,NA,Unknown,2024-10-09T00:00:00Z,Fall,36.73767,-121.80446,None,Woody/Sea Rocket,0.3,0.05,0.03,0.027,0.04865,8.594999999999998e-4,0.003,0.95,0.03,0,0,0,0,0,0,0,0,0,0,0,0.020000000000000004,0,0,300,0.03,0,0,0,0,0.020000000000000004
30,Nest,NA,Hatch,2024-10-09T00:00:00Z,Fall,36.739069,-121.803121,None,Woody,0.2,0.15,0.12,0.12,0.132,0.012240000000000001,0,0.85,0.03,0,0,0,0,0.09,0,0,0,0,0,0,0.0225,0,0.0075,360,0.03,0.09,0,0,0,0.03
46,Nest,NA,Hatch,2024-10-09T00:00:00Z,Fall,36.73925,-121.80334,None,Sea Rocket,0.15,0.05,0.035,0.0245,0.048775000000000006,0.001182125,0.0105,0.95,0.020000000000000004,0,0,0,0.015,0,0,0,0,0,0,0,0.015,0,0,315,0.020000000000000004,0.015,0,0,0,0.015
48,Nest,NA,Hatch,2024-10-09T00:00:00Z,Fall,36.73925,-121.80423,On Dune,Woody,0.1,0.15,0.135,0.07425,0.1388625,0.016721437500000002,0.07425,0.85,0.06,0,0,0.075,0,0,0,0,0,0,0,0,0.015,0,0,260,0.06,0,0,0.075,0,0.015
28,Nest,NA,Hatch,2024-10-09T00:00:00Z,Fall,36.73979,-121.80403,On Dune,Beach-Bur Sage,0.1,0.15,0.15,0.12,0.132,0.0198,0.045,0.85,0,0,0,0.15,0,0,0,0,0,0,0,0,0,0,0,360,0,0,0,0.15,0,0
49,Nest,NA,Fail,2024-10-10T00:00:00Z,Fall,36.74095,-121.80361,None,Woody,0.1,0.05,0.0075,0,0.05,5.625e-5,0.0075,0.95,0,0,0.0075,0,0,0,0,0,0,0,0,0,0.0425,0,0,360,0,0.0075,0,0,0,0.0425
50,Nest,NA,Hatch,2024-10-10T00:00:00Z,Fall,36.74178,-121.80435,None,None,0.05,0.01,0.005,0,0.01,2.5e-5,0.005,0.99,0,0,0.005,0,0,0,0,0,0,0,0,0,0,0.005,0,330,0,0.005,0,0,0,0.005
52,Nest,NA,Hatch,2024-10-09T00:00:00Z,Fall,36.7384,-121.80374,None,Sea Rocket,0.15,0.25,0.2,0.13,0.2175,0.043500000000000004,0.06,0.75,0.1125,0,0,0.075,0,0.0875,0,0,0,0,0,0,0,0,0,260,0.1125,0.0875,0,0.075,0,0
45,Nest,NA,Hatch,2024-10-09T00:00:00Z,Fall,36.73809,-121.8045,None,Ice Plant,0.05,0.01,0.01,0,0.01,1e-4,0.01,0.99,0,0,0.01,0,0,0,0,0,0,0,0,0,0,0,0,315,0,0.01,0,0,0,0
62,Nest,NA,Hatch,2024-10-09T00:00:00Z,Fall,36.73811,-121.80464,None,Ice Plant,0.05,0.05,0.025,0,0.05,6.250000000000001e-4,0.025,0.95,0,0,0.025,0,0,0,0,0,0,0,0,0,0.025,0,0,315,0,0.025,0,0,0,0.025
64,Nest,NA,Hatch,2024-10-09T00:00:00Z,Fall,36.73952,-121.80414,None,Sea Rocket,0.15,0.1,0.06,0.045,0.0955,0.00333,0.015000000000000003,0.9,0.04,0,0.020000000000000004,0,0,0,0,0,0,0,0,0,0.04,0,0,360,0.04,0.020000000000000004,0,0,0,0.04
58,Nest,NA,Hatch,2024-10-10T00:00:00Z,Fall,36.74081,-121.80441,None,Shell,0.05,0.01,0.004,0,0.01,1.6e-5,0.004,0.99,0,0,0.004,0,0,0,0,0,0,0,0,0,0,0.006,0,240,0,0.004,0,0,0,0.006
59,Nest,NA,Hatch,2024-10-10T00:00:00Z,Fall,36.74217,-121.80388,None,Woody,0.1,0.05,0,0,0.05,0,0,0.95,0,0,0,0,0,0,0,0,0,0,0,0,0.03,0.020000000000000004,0,345,0,0,0,0,0,0.05
57,Nest,NA,Hatch,2024-10-10T00:00:00Z,Fall,36.74243,-121.80287,None,Woody,0.1,0.1,0.07,0.063,0.0937,0.004459,0.007,0.9,0.07,0,0,0,0,0,0,0,0,0,0,0,0.03,0,0,360,0.07,0,0,0,0,0.03
65,Nest,NA,Hatch,2024-10-10T00:00:00Z,Fall,36.74492,-121.80485,None,Woody,0.15,0.15,0,0,0.15,0,0,0.85,0,0,0,0,0,0,0,0,0,0,0,0,0.11249999999999999,0.0375,0,360,0,0,0,0,0,0.15
63,Nest,NA,Fail,2024-10-10T00:00:00Z,Fall,36.744688,-121.80453,None,Sea Rocket,0.7,0.15,0.1425,0.11399999999999999,0.1329,0.017869499999999996,0.028499999999999998,0.85,0.1425,0,0,0,0,0,0,0,0,0,0,0,0,0.0075,0,300,0.1425,0,0,0,0,0.0075
56,Nest,NA,Fail,2024-10-10T00:00:00Z,Fall,36.745018,-121.803261,None,Beach-bur Sage,0.2,0.15,0.135,0.10125,0.13481249999999997,0.016174687499999996,0.03375,0.85,0.015,0,0,0.12,0,0,0,0,0,0,0,0,0.015,0,0,360,0.015,0,0,0.12,0,0.015
61,Nest,NA,Hatch,2024-10-07T00:00:00Z,Fall,36.73615,-121.8045,None,Woody,0.15,0.1,0.09,0.063,0.0937,0.007533,0.027,0.9,0.06,0.03,0,0,0.010000000000000002,0,0,0,0,0,0,0,0.010000000000000002,0,0,315,0.06,0.04,0,0,0,0.010000000000000002
54,Nest,NA,Fail,2024-10-07T00:00:00Z,Fall,36.736475,-121.804451,None,Woody,0.1,0.05,0.04,0.027999999999999997,0.048600000000000004,0.001544,0.012,0.95,0.025,0,0.015,0,0,0,0,0,0,0,0,0,0.0075,0,0.0025,270,0.025,0.015,0,0,0,0.01
60,Nest,NA,Hatch,2024-10-07T00:00:00Z,Fall,36.7354,-121.80496,None,Sea Rocket,0.1,0.05,0.027500000000000004,0.01925,0.049037500000000005,7.297812500000002e-4,0.00825,0.95,0.020000000000000004,0,0.0075,0,0,0,0,0,0,0,0,0,0.022500000000000003,0,0,360,0.020000000000000004,0.0075,0,0,0,0.022500000000000003
266,Random Point,NA,na,2024-04-25T00:00:00Z,Nesting,36.73582,-121.80471,None,None,0.05,0.01,0.006,0,0.01,3.6000000000000014e-5,0.006,0.99,0,0,0.006,0,0,0,0,0,0,0,0,5.000000000000004e-4,0,0.0035,0,360,0,0.006,0,0,0,0.004
203,Random Point,NA,na,2024-04-25T00:00:00Z,Nesting,36.73618,-121.80418,None,None,0,0,0,0,0,0,0,1,0,0,0,0,0,0,0,0,0,0,0,0,0,0,0,360,0,0,0,0,0,0
224,Random Point,NA,na,2024-04-25T00:00:00Z,Nesting,36.73852,-121.80432,None,None,0.01,0.35,0.3,0.3,0.24499999999999997,0.063,0,0.65,0.105,0.26249999999999996,0,0,0,0.017499999999999998,0,0,0,0,0,0.034999999999999996,0,0,0,200,0.105,0.27999999999999997,0,0,0,0.034999999999999996
201,Random Point,NA,na,2024-04-25T00:00:00Z,Nesting,36.73983,-121.80367,None,None,0.05,0.1,0.09,0.09,0.091,0.00774,0,0.9,0.005,0,0,0,0,0.075,0.014999999999999996,0,0,0,0,0,0,0,0.005,285,0.019999999999999997,0.075,0,0,0,0.005
144,Random Point,NA,na,2024-04-25T00:00:00Z,Nesting,36.73951,-121.80356,None,None,0.05,0.05,0.030000000000000027,0.024,0.0488,8.640000000000003e-4,0.006,0.95,0,0,0.012500000000000011,0.010000000000000009,0.0075,0,0,0,0,0,0,0,0.017500000000000016,0,0.0025,330,0,0.020000000000000018,0,0.010000000000000009,0,0.020000000000000018
109,Random Point,NA,na,2024-04-25T00:00:00Z,Nesting,36.7391,-121.80356,None,None,0.01,0.01,0.005,0,0.01,2.5e-5,0.005,0.99,0,0,0.005,0,0,0,0,0,0,0,0,0,0.005,0,0,360,0,0.005,0,0,0,0.005
21,Random Point,NA,na,2024-04-25T00:00:00Z,Nesting,36.743,-121.80363,None,None,0,0,0,0,0,0,0,1,0,0,0,0,0,0,0,0,0,0,0,0,0,0,0,360,0,0,0,0,0,0
159,Random Point,NA,na,2024-04-25T00:00:00Z,Nesting,36.74402,-121.8043,None,None,0.01,0.05,0.0175,0.007,0.04965,3.00125e-4,0.0105,0.95,0.0025,0,0,0.015,0,0,0,0,0,0,0,0,0.03,0,0.0025,360,0.0025,0,0,0.015,0,0.0325
47,Random Point,NA,na,2024-04-25T00:00:00Z,Nesting,36.74759,-121.80416,Barge Debree,None,0,0.05,0,0,0.05,0,0,0.95,0,0,0,0,0,0,0,0,0,0,0,0,0,0.05,0,345,0,0,0,0,0,0.05
134,Random Point,NA,na,2024-04-25T00:00:00Z,Nesting,36.74784,-121.80412,None,None,0,0.05,0.04,0.036,0.0482,0.001528,0.004,0.95,0,0,0,0.037500000000000006,0.0025,0,0,0,0,0,0,0,0.010000000000000002,0,0,360,0,0.0025,0,0.037500000000000006,0,0.010000000000000002
211,Random Point,NA,na,2024-04-25T00:00:00Z,Nesting,36.74848,-121.80396,None,None,0.01,0.05,0.015,0.01275,0.049362500000000004,2.154375000000001e-4,0.00225,0.95,0.015,0,0,0,0,0,0,0,0,0,0,0,0.034999999999999996,0,0,360,0.015,0,0,0,0,0.034999999999999996
279,Random Point,NA,na,2024-06-07T00:00:00Z,Nesting,36.74788,-121.80338,None,Sea Rocket,0.2,0.2,0.19,0.19,0.16200000000000003,0.028880000000000006,0,0.8,0.19,0,0,0,0,0,0,0,0,0,0,0,0.010000000000000002,0,0,300,0.19,0,0,0,0,0.010000000000000002
86,Random Point,NA,na,2024-06-07T00:00:00Z,Nesting,36.74763,-121.80352,None,None,0.2,0.4,0.4,0.4,0.24,0.096,0,0.6,0.12,0.27999999999999997,0,0,0,0,0.06,0,0,0,0,0,0,0,0,330,0.18,0.27999999999999997,0,0,0,0
178,Random Point,NA,na,2024-07-24T00:00:00Z,Nesting,36.74434,-121.80405,None,None,0,0.01,0.01,0,0.01,1e-4,0.01,0.99,0,0,0.01,0,0,0,0,0,0,0,0,0,0,0,0,315,0,0.01,0,0,0,0
20,Random Point,NA,na,2024-06-07T00:00:00Z,Nesting,36.74408,-121.80372,None,None,0,0.01,0.01,0.01,0.0099,9.900000000000001e-5,0,0.99,0.01,0,0,0,0,0,0,0,0,0,0,0,0,0,0,270,0.01,0,0,0,0,0
153,Random Point,NA,na,2024-06-07T00:00:00Z,Nesting,36.74281,-121.80358,None,None,0,0.01,0,0,0.01,0,0,0.99,0,0,0,0,0,0,0,0,0,0,0,0,0,0,0.01,360,0,0,0,0,0,0.01
177,Random Point,NA,na,2024-07-24T00:00:00Z,Nesting,36.74223,-121.80355,None,None,0.01,0.01,0,0,0.01,0,0,0.99,0,0,0,0,0,0,0,0,0,0,0,0,0,0.01,0,330,0,0,0,0,0,0.01
215,Random Point,NA,na,2024-06-07T00:00:00Z,Nesting,36.74079,-121.80311,None,None,0.01,0.1,0.1,0.099,0.0901,0.00901,0.001,0.9,0.069,0,0.001,0.03,0,0,0,0,0,0,0,0,0,0,0,330,0.069,0.001,0,0.03,0,0
78,Random Point,NA,na,2024-06-07T00:00:00Z,Nesting,36.73845,-121.80414,None,None,0,0.05,0.025,0.022500000000000003,0.048875,5.968750000000001e-4,0.0025,0.95,0.025,0,0,0,0,0,0,0,0,0,0,0,0.0245,0,5e-4,360,0.025,0,0,0,0,0.025
125,Random Point,NA,na,2024-07-24T00:00:00Z,Nesting,36.73595,-121.80435,None,None,0,0,0,0,0,0,0,1,0,0,0,0,0,0,0,0,0,0,0,0,0,0,0,360,0,0,0,0,0,0
222,Random Point,NA,na,2024-06-14T00:00:00Z,Nesting,36.73581,-121.80394,None,None,0.05,0.05,0.025,0.0125,0.049375,6.093750000000001e-4,0.0125,0.95,0.015,0,0.010000000000000002,0,0,0,0,0,0,0,0,0,0.015,0,0.010000000000000002,360,0.015,0.010000000000000002,0,0,0,0.025
84,Random Point,NA,na,2024-06-14T00:00:00Z,Nesting,36.73666,-121.80371,On Dune,Verbena,0.8,0.8,0.8,0.8,0.15999999999999998,0.12799999999999997,0,0.19999999999999996,0,0,0,0.5599999999999999,0.48,0,0,0,0,0,0,0,0,0,0,320,0,0.48,0,0.5599999999999999,0,0
254,Random Point,NA,na,2024-06-14T00:00:00Z,Nesting,36.73628,-121.80379,None,None,0,0.01,0,0,0.01,0,0,0.99,0,0,0,0,0,0,0,0,0,0,0,0,0.01,0,0,360,0,0,0,0,0,0.01
226,Random Point,NA,na,2024-06-14T00:00:00Z,Nesting,36.73718,-121.80328,None,Woody,0.01,0.01,0,0,0.01,0,0,0.99,0,0,0,0,0,0,0,0,0,0,0,0,0,0,0.01,360,0,0,0,0,0,0.01
183,Random Point,NA,na,2024-06-14T00:00:00Z,Nesting,36.73755,-121.80453,None,None,0.01,0.01,0.01,0.01,0.0099,9.900000000000001e-5,0,0.99,0.01,0,0,0,0,0,0,0,0,0,0,0,0,0,0,240,0.01,0,0,0,0,0
95,Random Point,NA,na,2024-06-14T00:00:00Z,Nesting,36.73891,-121.80292,None,None,0.01,0.01,0,0,0.01,0,0,0.99,0,0,0,0,0,0,0,0,0,0,0,0,0,0.01,0,345,0,0,0,0,0,0.01
69,Random Point,NA,na,2024-06-14T00:00:00Z,Nesting,36.73918,-121.80337,On Dune,Sea Rocket,0.15,0.1,0.06,0.036,0.0964,0.003384,0.024,0.9,0.06,0,0,0,0,0,0,0,0,0,0,0,0.04,0,0,345,0.06,0,0,0,0,0.04
237,Random Point,NA,na,2024-06-14T00:00:00Z,Nesting,36.73937,-121.80405,None,Sea Rocket,0.15,0.15,0.12,0.096,0.1356,0.012672,0.024,0.85,0.09,0,0.03,0,0,0,0,0,0,0,0,0,0,0,0.03,345,0.09,0.03,0,0,0,0.03
175,Random Point,NA,na,2024-07-24T00:00:00Z,Nesting,36.73983,-121.80367,None,Salt Grass,0,0.01,0.01,0.01,0.0099,9.900000000000001e-5,0,0.99,0.01,0,0,0,0,0,0,0,0,0,0,0,0,0,0,350,0.01,0,0,0,0,0
283,Random Point,NA,na,2024-06-14T00:00:00Z,Nesting,36.74054,-121.80325,None,Sea Rocket,0.1,0.4,0.4,0.4,0.24,0.096,0,0.6,0.12,0,0,0.24,0,0,0,0.04,0,0,0,0,0,0,0,360,0.12,0,0.04,0.24,0,0
258,Random Point,NA,na,2024-06-14T00:00:00Z,Nesting,36.74191,-121.80424,None,None,0,0.01,0.005,0.005,0.00995,2.4750000000000002e-5,0,0.99,0.0025,0.0025,0,0,0,0,0,0,0,0,0,0,0.003,0,0.002,330,0.0025,0.0025,0,0,0,0.005
246,Random Point,NA,na,2024-06-14T00:00:00Z,Nesting,36.73856,-121.80379,Dune Base,None,0.05,0.3,0.3,0.3,0.21,0.063,0.03,0.7,0.06,0,0,0.24,0,0.09,0,0,0,0,0,0,0,0,0,240,0.06,0.09,0,0.24,0,0
199,Random Point,NA,na,2024-06-14T00:00:00Z,Nesting,36.73801,-121.80457,None,None,0,0.01,0.008,0.008,0.00992,6.336e-5,0,0.99,0,0,0,0.008,0,0,0,0,0,0,0,0,0,0,0.002,330,0,0,0,0.008,0,0.002
32,Random Point,NA,na,2024-07-10T00:00:00Z,Nesting,36.73778,-121.80412,None,None,0,0.01,0,0,0.01,0,0,0.99,0,0,0,0,0,0,0,0,0,0,0,0,0.01,0,0,360,0,0,0,0,0,0.01
3,Random Point,NA,na,2024-07-10T00:00:00Z,Nesting,36.7401,-121.80415,None,None,0.05,0.05,0.05,0.0475,0.047625,0.00238125,0.0025,0.95,0,0.03,0,0,0,0.020000000000000004,0,0,0,0,0,0,0,0,0,180,0,0.05,0,0,0,0
58,Random Point,NA,na,2024-07-10T00:00:00Z,Nesting,36.74044,-121.80415,On Dune,Verbana,0.8,0.8,0.8,0.7200000000000001,0.22399999999999995,0.17919999999999997,0.16000000000000003,0.19999999999999996,0,0,0,0.6400000000000001,0.32000000000000006,0,0,0,0,0,0,0,0,0,0,360,0,0.32000000000000006,0,0.6400000000000001,0,0
218,Random Point,NA,na,2024-07-10T00:00:00Z,Nesting,36.74207,-121.80381,None,None,0.01,0.01,0.009,0.0072,0.009928,8.0352e-5,0.0018,0.99,0,0.001,0.001,0,0.007,0,0,0,0,0,0,0,0.001,0,0,350,0,0.009,0,0,0,0.001
156,Random Point,NA,na,2024-07-10T00:00:00Z,Nesting,36.74235,-121.80387,None,None,0.05,0.05,0.04,0.032,0.0484,0.001336,0.008,0.95,0.015,0,0,0,0,0,0.020000000000000004,0,0,0,0,0,0.015,0,0,315,0.035,0,0,0,0,0.015
253,Random Point,NA,na,2024-07-10T00:00:00Z,Nesting,36.74517,-121.80431,On Dune,None,0.05,0.2,0.2,0.2,0.16000000000000003,0.032,0,0.8,0.08,0,0,0.12,0,0.020000000000000004,0,0.03,0,0,0,0,0,0,0,260,0.08,0.020000000000000004,0.03,0.12,0,0
219,Random Point,NA,na,2024-07-10T00:00:00Z,Nesting,36.74471,-121.80443,None,None,0,0,0,0,0,0,0,1,0,0,0,0,0,0,0,0,0,0,0,0,0,0,0,290,0,0,0,0,0,0
267,Random Point,NA,na,2024-07-10T00:00:00Z,Nesting,36.7448,-121.80308,On Dune,Salt Grass,0.4,0.4,0.39999999999999997,0.39999999999999997,0.24000000000000005,0.096,0,0.6,0.12,0,0,0,0,0.27999999999999997,0,0,0,0,0,0,0,0,0,240,0.12,0.27999999999999997,0,0,0,0
142,Random Point,NA,na,2024-07-24T00:00:00Z,Nesting,36.73622,-121.80516,None,None,0,0.1,0.08,0.08,0.092,0.00576,0,0.9,0,0,0,0,0.08,0,0,0,0,0,0,0,0.020000000000000004,0,0,240,0,0.08,0,0,0,0.020000000000000004
244,Random Point,NA,na,2024-07-24T00:00:00Z,Nesting,36.7365,-121.80449,None,None,0.05,0.2,0.2,0.2,0.16000000000000003,0.032,0,0.8,0,0.11000000000000001,0,0,0,0.08,0.04,0,0,0,0,0,0,0,0,330,0.04,0.19000000000000003,0,0,0,0
149,Random Point,NA,na,2024-07-30T00:00:00Z,Nesting,36.7355,-121.80488,None,None,0.01,0.01,0.002,0.0014,0.009986,3.972e-6,6e-4,0.99,0.002,0,0,0,0,0,0,0,0,0,0.004,0,0.004,0,0,360,0.002,0,0,0,0,0.008
266,Random Point,NA,na,2024-10-07T00:00:00Z,Fall,36.73582,-121.80471,None,None,0,0,0,0,0,0,0,1,0,0,0,0,0,0,0,0,0,0,0,0,0,0,0,360,0,0,0,0,0,0
203,Random Point,NA,na,2024-10-07T00:00:00Z,Fall,36.73618,-121.80418,None,None,0,0,0,0,0,0,0,1,0,0,0,0,0,0,0,0,0,0,0,0,0,0,0,360,0,0,0,0,0,0
224,Random Point,NA,na,2024-10-09T00:00:00Z,Fall,36.73852,-121.80432,None,None,0.01,0.35,0.35,0.175,0.28874999999999995,0.10106249999999997,0.12249999999999998,0.65,0.105,0.21,0,0.034999999999999996,0,0,0,0,0,0,0,0,0,0,0,225,0.105,0.21,0,0.034999999999999996,0,0
201,Random Point,NA,na,2024-10-10T00:00:00Z,Fall,36.73983,-121.80367,None,Salt Grass,0.05,0.15,0.15,0.105,0.13425,0.0201375,0.045,0.85,0.0525,0,0,0,0,0.075,0.0225,0,0,0,0,0,0,0,0,285,0.075,0.075,0,0,0,0
144,Random Point,NA,na,2024-10-09T00:00:00Z,Fall,36.73951,-121.80356,None,None,0.05,0.15,0.135,0.12150000000000001,0.13177499999999998,0.015764624999999997,0.013500000000000002,0.85,0.09,0,0,0.03,0,0,0,0,0,0.015,0,0,0.015,0,0,345,0.09,0,0,0.03,0.015,0.015
109,Random Point,NA,na,2024-10-09T00:00:00Z,Fall,36.7391,-121.80356,None,None,0.01,0.01,0.005,0,0.01,2.5e-5,0.005,0.99,0,0,0.005,0,0,0,0,0,0,0,0,0,0.005,0,0,330,0,0.005,0,0,0,0.005
21,Random Point,NA,na,2024-10-10T00:00:00Z,Fall,36.743,-121.80363,None,None,0,0,0,0,0,0,0,1,0,0,0,0,0,0,0,0,0,0,0,0,0,0,0,360,0,0,0,0,0,0
159,Random Point,NA,na,2024-10-10T00:00:00Z,Fall,36.74402,-121.8043,None,None,0.1,0.2,0.18,0.135,0.17300000000000001,0.027540000000000002,0.045,0.8,0.1,0,0.020000000000000004,0.06,0,0,0,0,0,0,0,0,0.020000000000000004,0,0,360,0.1,0.020000000000000004,0,0.06,0,0.020000000000000004
47,Random Point,NA,na,2024-10-10T00:00:00Z,Fall,36.74759,-121.80416,In River,Water,0,0,0,0,0,0,0,1,0,0,0,0,0,0,0,0,0,0,0,0,0,0,0,0,0,0,0,0,0,0
134,Random Point,NA,na,2024-10-10T00:00:00Z,Fall,36.74784,-121.80412,In River,Water,0,0,0,0,0,0,0,1,0,0,0,0,0,0,0,0,0,0,0,0,0,0,0,0,0,0,0,0,0,0
211,Random Point,NA,na,2024-10-10T00:00:00Z,Fall,36.74848,-121.80396,In River,Water,0,0,0,0,0,0,0,1,0,0,0,0,0,0,0,0,0,0,0,0,0,0,0,0,0,0,0,0,0,0
279,Random Point,NA,na,2024-10-10T00:00:00Z,Fall,36.74788,-121.80338,In River,Water,0,0,0,0,0,0,0,1,0,0,0,0,0,0,0,0,0,0,0,0,0,0,0,0,0,0,0,0,0,0
86,Random Point,NA,na,2024-10-10T00:00:00Z,Fall,36.74763,-121.80352,Spit,Beach Pea,0.2,0.3,0.25,0.175,0.24749999999999997,0.046875,0.075,0.7,0,0.195,0,0,0,0,0.09,0,0,0,0,0,0.03,0,0.03,300,0.09,0.195,0,0,0,0.06
178,Random Point,NA,na,2024-10-10T00:00:00Z,Fall,36.74434,-121.80405,None,None,0.01,0.01,0,0,0.01,0,0,0.99,0,0,0,0,0,0,0,0,0,0,0,0,0.006,0.004,0,315,0,0,0,0,0,0.01
20,Random Point,NA,na,2024-10-10T00:00:00Z,Fall,36.74408,-121.80372,None,None,0,0.05,0.05,0.025,0.04875,0.0024375,0.025,0.95,0.05,0,0,0,0,0,0,0,0,0,0,0,0,0,0,270,0.05,0,0,0,0,0
153,Random Point,NA,na,2024-10-10T00:00:00Z,Fall,36.74281,-121.80358,None,None,0.01,0.05,0.045000000000000005,0.045000000000000005,0.04775,0.00192375,0,0.95,0.045000000000000005,0,0,0,0,0,0,0,0,0,0,0,0,0,0.005,360,0.045000000000000005,0,0,0,0,0.005
177,Random Point,NA,na,2024-10-10T00:00:00Z,Fall,36.74223,-121.80355,None,Sea Rocket,0.15,0.05,0.03,0.03,0.0485,8.549999999999999e-4,0,0.95,0.03,0,0,0,0,0,0,0,0,0,0,0,0,0.020000000000000004,0,360,0.03,0,0,0,0,0.020000000000000004
215,Random Point,NA,na,2024-10-10T00:00:00Z,Fall,36.74079,-121.80311,None,None,0,0.4,0.4,0.27999999999999997,0.288,0.1152,0.12,0.6,0.24,0.16000000000000003,0,0,0,0,0,0,0,0,0,0,0,0,0,315,0.24,0.16000000000000003,0,0,0,0
78,Random Point,NA,na,2024-10-09T00:00:00Z,Fall,36.73845,-121.80414,None,None,0.01,0.01,0.005,0.0035,0.009965,2.4825e-5,0.0015,0.99,0,0,0.005,0,0,0,0,0,0,0,0,0,0.005,0,0,315,0,0.005,0,0,0,0.005
125,Random Point,NA,na,2024-10-07T00:00:00Z,Fall,36.73595,-121.80435,None,None,0,0,0,0,0,0,0,1,0,0,0,0,0,0,0,0,0,0,0,0,0,0,0,360,0,0,0,0,0,0
222,Random Point,NA,na,2024-10-07T00:00:00Z,Fall,36.73581,-121.80394,None,None,0.01,0.01,0.0045,0.00225,0.0099775,2.0148750000000003e-5,0.00225,0.99,0.004,0,5e-4,0,0,0,0,0,0,0,0,0,0.0055,0,0,345,0.004,5e-4,0,0,0,0.0055
84,Random Point,NA,na,2024-10-07T00:00:00Z,Fall,36.73666,-121.80371,On Dune,Beach-Bur Sage,0.5,0.55,0.55,0.275,0.39875,0.21931250000000002,0.33,0.44999999999999996,0,0,0,0.44000000000000006,0.165,0,0,0,0,0,0,0,0,0,0,320,0,0.165,0,0.44000000000000006,0,0
254,Random Point,NA,na,2024-10-07T00:00:00Z,Fall,36.73628,-121.80379,None,None,0,0.01,0.005,0.005,0.00995,2.4750000000000002e-5,0,0.99,0.005,0,0,0,0,0,0,0,0,0,0,0,0.005,0,0,330,0.005,0,0,0,0,0.005
226,Random Point,NA,na,2024-10-07T00:00:00Z,Fall,36.73718,-121.80328,None,None,0.01,0.01,0.0035,0,0.01,1.2250000000000001e-5,0.0035,0.99,0,0,0.0035,0,0,0,0,0,0,0,0,0,0.0035,0.003,0,360,0,0.0035,0,0,0,0.0065
183,Random Point,NA,na,2024-10-09T00:00:00Z,Fall,36.73755,-121.80453,None,Sea Rocket,0.05,0.01,0.01,0.008,0.00992,9.92e-5,0.002,0.99,0.01,0,0,0,0,0,0,0,0,0,0,0,0,0,0,240,0.01,0,0,0,0,0
95,Random Point,NA,na,2024-10-09T00:00:00Z,Fall,36.73891,-121.80292,None,None,0,0,0,0,0,0,0,1,0,0,0,0,0,0,0,0,0,0,0,0,0,0,0,360,0,0,0,0,0,0
69,Random Point,NA,na,2024-10-09T00:00:00Z,Fall,36.73918,-121.80337,None,Sea Rocket,0.4,0.1,0.1,0.05,0.095,0.0095,0.05,0.9,0.1,0,0,0,0,0,0,0,0,0,0,0,0,0,0,330,0.1,0,0,0,0,0
237,Random Point,NA,na,2024-10-09T00:00:00Z,Fall,36.73937,-121.80405,None,Sea Rocket,0.25,0.2,0.1,0.04,0.192,0.0092,0.06,0.8,0.1,0,0,0,0,0,0,0,0,0,0,0,0.04,0,0.06,300,0.1,0,0,0,0,0.1
175,Random Point,NA,na,2024-10-09T00:00:00Z,Fall,36.73983,-121.80367,None,None,0.01,0.05,0.05,0.05,0.0475,0.002375,0,0.95,0.05,0,0,0,0,0,0,0,0,0,0,0,0,0,0,345,0.05,0,0,0,0,0
283,Random Point,NA,na,2024-10-10T00:00:00Z,Fall,36.74054,-121.80325,On Dune,Beach-bur Sage,0.15,0.5,0.5,0.4,0.3,0.15,0.15,0.5,0.025,0,0,0.325,0.05,0,0,0.1,0,0,0,0,0,0,0,360,0.025,0.05,0.1,0.325,0,0
258,Random Point,NA,na,2024-10-10T00:00:00Z,Fall,36.74191,-121.80424,None,None,0,0.1,0.095,0.0665,0.09335,0.00839325,0.028499999999999998,0.9,0.07,0,0.025,0,0,0,0,0,0,0,0,0,0,0.005,0,315,0.07,0.025,0,0,0,0.005
246,Random Point,NA,na,2024-10-09T00:00:00Z,Fall,36.73856,-121.80379,On Dune,Beach-bur Sage,0.01,0.35,0.35,0.24499999999999997,0.26425,0.0924875,0.13999999999999999,0.65,0.105,0,0,0.21,0,0.034999999999999996,0,0,0,0,0,0,0,0,0,285,0.105,0.034999999999999996,0,0.21,0,0
199,Random Point,NA,na,2024-10-09T00:00:00Z,Fall,36.73801,-121.80457,None,None,0,0.05,0.05,0.03,0.0485,0.002425,0.020000000000000004,0.95,0,0,0,0.05,0,0,0,0,0,0,0,0,0,0,0,330,0,0,0,0.05,0,0
32,Random Point,NA,na,2024-10-09T00:00:00Z,Fall,36.73778,-121.80412,None,Sea Rocket,0,0.01,0.005,0,0.01,2.5e-5,0.0025,0.99,0.005,0,0,0,0,0,0,0,0,0,0,0,0.005,0,0,330,0.005,0,0,0,0,0.005
3,Random Point,NA,na,2024-10-09T00:00:00Z,Fall,36.7401,-121.80415,None,None,0.05,0.1,0.1,0.08,0.092,0.0092,0.020000000000000004,0.9,0.020000000000000004,0,0,0.05,0,0.025,0.015,0,0,0,0,0,0,0,0,180,0.035,0.025,0,0.05,0,0
58,Random Point,NA,na,2024-10-10T00:00:00Z,Fall,36.74044,-121.80415,None,Beach-bur Sage,0.5,0.5,0.5,0.3,0.35,0.175,0.25,0.5,0,0,0,0.4,0.15,0,0,0,0,0,0,0,0,0,0,300,0,0.15,0,0.4,0,0
218,Random Point,NA,na,2024-10-10T00:00:00Z,Fall,36.74207,-121.80381,None,None,0,0.1,0.1,0.085,0.0915,0.00915,0.014999999999999998,0.9,0.07,0.015,0.015,0,0,0,0,0,0,0,0,0,0,0,0,350,0.07,0.03,0,0,0,0
156,Random Point,NA,na,2024-10-10T00:00:00Z,Fall,36.74235,-121.80387,None,Woody,0.05,0.1,0.075,0.05625,0.094375,0.005203125,0.018750000000000003,0.9,0.025,0,0,0,0.010000000000000002,0,0.04,0,0,0,0,0,0.025,0,0,300,0.065,0.010000000000000002,0,0,0,0.025
253,Random Point,NA,na,2024-10-10T00:00:00Z,Fall,36.74517,-121.80431,None,None,0,0.3,0.3,0.22499999999999998,0.23249999999999998,0.06975,0.105,0.7,0.12,0,0,0.21,0,0,0.03,0,0,0,0,0,0,0,0,260,0.15,0,0,0.21,0,0
219,Random Point,NA,na,2024-10-10T00:00:00Z,Fall,36.74471,-121.80443,None,None,0,0.05,0.05,0.05,0.0475,0.002375,0,0.95,0.05,0,0,0,0,0,0,0,0,0,0,0,0,0,0,290,0.05,0,0,0,0,0
267,Random Point,NA,na,2024-10-10T00:00:00Z,Fall,36.7448,-121.80308,None,None,0.1,0.4,0.4,0.27999999999999997,0.288,0.1152,0.13999999999999999,0.6,0.2,0,0,0,0,0.27999999999999997,0,0,0,0,0,0,0,0,0,360,0.2,0.27999999999999997,0,0,0,0
142,Random Point,NA,na,2024-10-07T00:00:00Z,Fall,36.73622,-121.80516,None,None,0.01,0.05,0.03,0.015,0.04925,8.774999999999999e-4,0.015,0.95,0,0,0,0,0.03,0,0,0,0,0,0,0,0.020000000000000004,0,0,210,0,0.03,0,0,0,0.020000000000000004
244,Random Point,NA,na,2024-10-07T00:00:00Z,Fall,36.7365,-121.80449,None,Salt Grass,0.1,0.15,0.135,0.12150000000000001,0.13177499999999998,0.015764624999999997,0.013500000000000002,0.85,0.03,0,0,0,0,0.06,0.045,0,0,0,0,0,0.015,0,0,270,0.075,0.06,0,0,0,0.015
149,Random Point,NA,na,2024-10-07T00:00:00Z,Fall,36.7355,-121.80488,None,None,0.05,0.05,0.020000000000000004,0.007,0.04965,3.9300000000000007e-4,0.013000000000000003,0.95,0.020000000000000004,0,0,0,0,0,0,0,0,0,0,0,0.03,0,0,360,0.020000000000000004,0,0,0,0,0.03
NA,NA,NA,NA,NA,NA,NA,NA,NA,NA,NA,NA,NA,NA,NA,NA,NA,NA,NA,NA,NA,NA,NA,NA,NA,NA,NA,NA,NA,NA,NA,NA,NA,NA,NA,NA,NA,NA,NA,NA
NA,NA,NA,NA,NA,NA,NA,NA,NA,NA,NA,NA,NA,NA,NA,NA,NA,NA,4.527916666669999,1.5434999999999997,0.7144166666670002,5.2005,1.4595,1.9925000000000002,0.3775,0.17,0.005,0.015,0.044,0.0355,1.933666666699999,0.34600000000000014,0.265,NA,NA,NA,NA,NA,NA,NA
